{
  "cameras": [
    {
      "view_id": 0,
      "K": [
        [
          618.0386962890625,
          0.0,
          256.0
        ],
        [
          0.0,
          618.0386962890625,
          256.0
        ],
        [
          0.0,
          0.0,
          1.0
        ]
      ],
      "R": [
        [
          0.0,
          -1.0,
          0.0
        ],
        [
          -0.1961161345243454,
          0.0,
          0.9805806875228882
        ],
        [
          -0.9805806875228882,
          -0.0,
          -0.1961161345243454
        ]
      ],
      "t": [
        0.0,
        -2.9802322387695312e-08,
        1.5297057628631592
      ],
      "width": 512,
      "height": 512,
      "fov_y_deg": 45.0,
      "image": "normal_00.png"
    },
    {
      "view_id": 1,
      "K": [
        [
          618.0386962890625,
          0.0,
          256.0
        ],
        [
          0.0,
          618.0386962890625,
          256.0
        ],
        [
          0.0,
          0.0,
          1.0
        ]
      ],
      "R": [
        [
          0.7071067690849304,
          -0.7071067690849304,
          0.0
        ],
        [
          -0.13867506384849548,
          -0.13867506384849548,
          0.9805806279182434
        ],
        [
          -0.6933752298355103,
          -0.6933752298355103,
          -0.1961161494255066
        ]
      ],
      "t": [
        0.0,
        2.9802322387695312e-08,
        1.5297057628631592
      ],
      "width": 512,
      "height": 512,
      "fov_y_deg": 45.0,
      "image": "normal_01.png"
    },
    {
      "view_id": 2,
      "K": [
        [
          618.0386962890625,
          0.0,
          256.0
        ],
        [
          0.0,
          618.0386962890625,
          256.0
        ],
        [
          0.0,
          0.0,
          1.0
        ]
      ],
      "R": [
        [
          1.0,
          -6.123233601181349e-17,
          0.0
        ],
        [
          -1.2008649136659008e-17,
          -0.1961161345243454,
          0.9805806875228882
        ],
        [
          -6.004324733765626e-17,
          -0.9805806875228882,
          -0.1961161345243454
        ]
      ],
      "t": [
        0.0,
        -2.9802322387695312e-08,
        1.5297057628631592
      ],
      "width": 512,
      "height": 512,
      "fov_y_deg": 45.0,
      "image": "normal_02.png"
    },
    {
      "view_id": 3,
      "K": [
        [
          618.0386962890625,
          0.0,
          256.0
        ],
        [
          0.0,
          618.0386962890625,
          256.0
        ],
        [
          0.0,
          0.0,
          1.0
        ]
      ],
      "R": [
        [
          0.7071067690849304,
          0.7071067690849304,
          -0.0
        ],
        [
          0.13867506384849548,
          -0.13867506384849548,
          0.9805806279182434
        ],
        [
          0.6933752298355103,
          -0.6933752298355103,
          -0.1961161494255066
        ]
      ],
      "t": [
        0.0,
        2.9802322387695312e-08,
        1.5297057628631592
      ],
      "width": 512,
      "height": 512,
      "fov_y_deg": 45.0,
      "image": "normal_03.png"
    },
    {
      "view_id": 4,
      "K": [
        [
          618.0386962890625,
          0.0,
          256.0
        ],
        [
          0.0,
          618.0386962890625,
          256.0
        ],
        [
          0.0,
          0.0,
          1.0
        ]
      ],
      "R": [
        [
          1.2246467202362698e-16,
          1.0,
          -0.0
        ],
        [
          0.1961161345243454,
          -2.4017298273318016e-17,
          0.9805806875228882
        ],
        [
          0.9805806875228882,
          -1.2008649467531253e-16,
          -0.1961161345243454
        ]
      ],
      "t": [
        0.0,
        -2.9802322387695312e-08,
        1.5297057628631592
      ],
      "width": 512,
      "height": 512,
      "fov_y_deg": 45.0,
      "image": "normal_04.png"
    },
    {
      "view_id": 5,
      "K": [
        [
          618.0386962890625,
          0.0,
          256.0
        ],
        [
          0.0,
          618.0386962890625,
          256.0
        ],
        [
          0.0,
          0.0,
          1.0
        ]
      ],
      "R": [
        [
          -0.7071067690849304,
          0.7071067690849304,
          0.0
        ],
        [
          0.13867506384849548,
          0.13867506384849548,
          0.9805806279182434
        ],
        [
          0.6933752298355103,
          0.6933752298355103,
          -0.1961161494255066
        ]
      ],
      "t": [
        0.0,
        2.9802322387695312e-08,
        1.5297057628631592
      ],
      "width": 512,
      "height": 512,
      "fov_y_deg": 45.0,
      "image": "normal_05.png"
    },
    {
      "view_id": 6,
      "K": [
        [
          618.0386962890625,
          0.0,
          256.0
        ],
        [
          0.0,
          618.0386962890625,
          256.0
        ],
        [
          0.0,
          0.0,
          1.0
        ]
      ],
      "R": [
        [
          -1.0,
          1.8369701465288538e-16,
          0.0
        ],
        [
          3.602594906433825e-17,
          0.1961161345243454,
          0.9805806875228882
        ],
        [
          1.801297486304137e-16,
          0.9805806875228882,
          -0.1961161345243454
        ]
      ],
      "t": [
        0.0,
        -2.9802322387695312e-08,
        1.5297057628631592
      ],
      "width": 512,
      "height": 512,
      "fov_y_deg": 45.0,
      "image": "normal_06.png"
    },
    {
      "view_id": 7,
      "K": [
        [
          618.0386962890625,
          0.0,
          256.0
        ],
        [
          0.0,
          618.0386962890625,
          256.0
        ],
        [
          0.0,
          0.0,
          1.0
        ]
      ],
      "R": [
        [
          -0.7071067690849304,
          -0.7071067690849304,
          0.0
        ],
        [
          -0.13867506384849548,
          0.13867506384849548,
          0.9805806279182434
        ],
        [
          -0.6933752298355103,
          0.6933752298355103,
          -0.1961161494255066
        ]
      ],
      "t": [
        0.0,
        2.9802322387695312e-08,
        1.5297057628631592
      ],
      "width": 512,
      "height": 512,
      "fov_y_deg": 45.0,
      "image": "normal_07.png"
    }
  ]
}